Character,Reader B: Intro,Reader B: Hunt,Reader B: E1,Reader B: Act I,Reader B: E2,Reader B: Act II,Reader B: E3,Reader B: Act III,Reader C: Intro,Reader C: Hunt,Reader C: E1,Reader C: Act I,Reader C: E2,Reader C: Act II,Reader C: E3,Reader C: Act III,Reader D: Intro,Reader D: Hunt,Reader D: E1,Reader D: Act I,Reader D: E2,Reader D: Act II,Reader D: E3,Reader D: Act III
Artie Ficial,1,4,5,6,6,4,3,3,2,6,6,7,7,6,5,4,3,7,7,7,7,5,4,3
Claire O’Scuro,1,3,3,2,5,4,5,5,2,4,4,6,6,5,8,6,2,5,5,5,6,6,6,4
Hugh Bidder,1,3,3,6,6,7,7,6,3,4,4,7,7,8,7,6,2,4,4,7,7,8,7,5
Monet Bags,1,3,3,3,5,5,5,5,2,3,3,4,5,4,6,5,2,4,4,3,4,3,3,2
Chip Patina,1,3,4,3,6,6,7,7,2,5,5,5,7,7,8,6,1,4,4,4,7,7,8,6
Dada DiCapo,1,3,3,4,4,6,5,5,2,4,4,5,4,6,5,3,2,5,5,5,4,6,5,3
Vincent Van Faux,1,3,3,4,5,4,3,3,3,5,5,6,7,7,6,5,4,5,5,5,6,6,5,4
Sue Venir,1,2,2,3,4,3,2,2,2,3,3,4,5,4,5,4,1,3,3,3,3,3,2,2
Dr. Art E. Fact,1,2,2,4,5,6,6,5,2,4,4,5,6,7,7,6,1,3,3,4,5,7,6,4
Tess Tament,1,2,3,5,5,7,5,5,3,4,4,6,5,7,5,4,3,4,4,6,5,7,6,4
Barb Dwyer,1,3,3,5,5,6,6,6,2,5,5,5,6,7,6,5,1,5,5,5,6,7,6,5
Paige Turner,1,1,1,3,3,3,2,2,2,3,3,4,3,3,2,2,1,2,2,4,3,3,3,3
Frank Lloyd Wrong,1,2,2,4,4,2,2,2,3,4,4,5,5,3,3,3,2,4,4,5,5,3,2,2
Mona Lott,1,3,3,3,4,5,3,3,2,4,4,5,4,5,4,3,2,4,4,4,4,5,4,3
Elon Mosaic,1,2,2,4,4,5,4,3,3,4,4,5,4,6,4,3,3,3,3,4,4,5,4,3
Elle Loominate,1,2,2,4,4,2,2,2,2,4,4,5,4,3,3,3,1,3,3,6,6,4,3,3
Reed DeLabel,1,2,2,4,4,5,5,5,2,3,3,5,5,6,4,4,2,3,3,4,5,7,7,4
Al Baster,1,2,2,4,4,2,2,6,3,3,3,6,5,3,5,10,3,3,3,6,5,3,2,9
Brie DeVivre,1,4,5,5,5,8,7,8,3,5,6,5,6,8,7,5,3,6,6,5,6,8,7,6
Anne E. Dote,1,3,3,4,4,3,2,2,2,4,4,5,4,3,2,2,1,5,5,5,5,3,2,2
Penny Pincher,1,2,2,5,5,5,5,4,2,3,3,5,4,5,4,3,2,3,3,6,5,6,5,4
Justin Tyme,1,1,1,3,3,3,3,3,3,3,3,4,3,4,3,3,2,3,3,4,3,3,2,2
