Character,Intros,Hunt,Evidence 1-2,Motive,Evidence 3,Opportunity,Evidence 4-5,Method
Artie Ficial,2,5,5,4,4,6,not released,not released
Claire O’Scuro,1,3,3,4,4,4,not released,not released
Hugh Bidder,1,3,3,6,6,6,not released,not released
Monet Bags,1,2,2,6,6,6,not released,not released
Chip Patina,1,4,5,5,5,5,not released,not released
Dada DiCapo,1,3,3,4,4,5,not released,not released
Vincent Van Faux,2,4,4,4,4,4,not released,not released
Sue Venir,1,3,3,4,4,4,not released,not released
Dr. Art E. Fact,1,2,2,3,3,3,not released,not released
Tess Tament,2,3,3,4,4,4,not released,not released
Barb Dwyer,1,3,3,5,5,5,not released,not released
Paige Turner,1,2,2,4,4,4,not released,not released
Frank Lloyd Wrong,1,2,2,4,4,4,not released,not released
Mona Lott,1,3,3,4,4,4,not released,not released
Elon Mosaic,2,3,3,4,4,4,not released,not released
Anya Tique,1,4,4,4,4,5,not released,not released
Saul D. Bid,1,3,3,4,4,5,not released,not released
Elle Loominate,1,1,1,3,3,3,not released,not released
Reed DeLabel,1,2,2,3,3,3,not released,not released
Al Baster,2,2,2,4,4,4,not released,not released
Ella Gance,1,1,1,5,5,5,not released,not released
Drew Conclusions,1,1,1,3,3,4,not released,not released
Brie DeVivre,2,4,5,5,4,7,not released,not released
Cary Crates,1,2,3,4,4,3,not released,not released
Anne E. Dote,1,4,4,4,4,4,not released,not released
Faye Stop,1,1,1,3,3,4,not released,not released
Robin Banks,2,3,3,3,3,3,not released,not released
Penny Pincher,2,3,3,4,4,5,not released,not released
Justin Tyme,1,2,2,3,3,3,not released,not released
Minnie Malist,1,2,2,5,5,5,not released,not released
