name,old_1,old_2,old_3,old_4,old_5,old_6,old_7,new_1,new_2,new_3,new_4,new_5,new_6,new_7
Artie Ficial,2,7,5,5,6,6,4,2,6,6,6,7,6,5
Claire O’Scuro,2,4,5,5,5,5,4,2,4,4,4,5,5,4
Hugh Bidder,2,2,7,7,7,7,9,2,3,7,7,8,8,9
Monet Bags,2,3,7,7,7,7,6,2,3,4,5,6,6,6
Chip Patina,1,4,6,6,8,8,7,1,4,5,5,6,7,6
Dada DiCapo,1,1,3,3,7,7,5,1,1,3,4,5,3,3
Sue Venir,1,2,5,5,5,5,4,1,2,4,4,6,6,6
Dr. Art E. Fact,1,2,4,4,4,4,3,1,2,4,4,6,6,5
Tess Tament,3,3,4,4,4,4,1,2,3,4,5,6,4,4
Barb Dwyer,2,4,6,6,6,6,5,2,3,5,6,7,7,7
Paige Turner,1,1,5,5,5,5,4,1,1,3,3,3,5,5
Anya Tique,2,4,5,5,5,5,1,1,4,4,4,7,7,6
Reed DeLabel,1,2,4,4,4,4,3,1,2,3,3,6,6,5
Brie DeVivre,2,4,4,3,8,8,6,2,3,3,6,8,7,6
Robin Banks,2,3,3,3,3,3,3,2,3,4,4,4,5,4
