Character,Reader A: Intro,Reader A: Hunt,Reader A: E1,Reader A: Act I,Reader A: E2,Reader A: Act II,Reader A: E3,Reader A: Act III,Reader B: Intro,Reader B: Hunt,Reader B: E1,Reader B: Act I,Reader B: E2,Reader B: Act II,Reader B: E3,Reader B: Act III,Reader C: Intro,Reader C: Hunt,Reader C: E1,Reader C: Act I,Reader C: E2,Reader C: Act II,Reader C: E3,Reader C: Act III
Artie Ficial,1,4,5,5,5,4,5,3,1,5,5,5,6,4,4,3,1,5,5,5,5,3,3,3
Claire O’Scuro,1,3,3,4,5,5,6,4,1,3,3,4,5,5,5,4,1,4,4,4,5,4,5,4
Hugh Bidder,2,3,3,6,6,7,7,5,2,3,3,6,6,7,5,4,2,3,3,5,5,6,5,4
Monet Bags,1,3,3,4,4,4,5,3,2,3,4,3,4,4,5,4,2,3,3,3,3,3,4,4
Chip Patina,1,3,4,4,6,7,7,6,1,3,3,3,5,6,6,5,1,3,3,3,5,5,6,5
Dada DiCapo,1,3,3,4,4,5,4,3,1,4,4,4,4,6,5,4,1,4,4,4,4,5,4,4
Vincent Van Faux,2,4,4,4,5,5,4,3,2,4,4,4,5,5,4,3,3,4,4,4,5,4,4,4
Sue Venir,1,2,2,3,3,3,4,2,1,2,2,3,3,2,3,2,1,2,2,3,3,2,2,2
Dr. Art E. Fact,1,2,2,4,5,6,7,4,1,3,3,4,4,6,7,5,1,2,2,4,4,5,5,4
Tess Tament,2,3,3,4,4,6,5,4,2,3,4,5,5,7,6,4,2,2,2,4,4,6,5,4
Barb Dwyer,1,4,5,5,5,6,7,5,1,4,4,4,5,6,6,5,1,3,3,3,4,5,5,5
Paige Turner,1,2,2,4,4,4,4,3,1,2,2,4,4,4,4,4,1,2,2,3,3,3,3,3
Frank Lloyd Wrong,1,3,3,4,4,3,3,2,1,3,3,4,4,3,3,2,1,2,2,4,4,2,2,2
Mona Lott,1,3,3,4,4,5,3,2,1,3,3,3,3,5,4,3,1,2,2,3,3,4,3,3
Elon Mosaic,2,2,2,4,4,4,3,2,2,2,2,4,4,5,4,3,1,2,2,3,3,4,3,3
Elle Loominate,1,3,3,4,4,3,2,1,1,3,3,5,5,3,2,1,1,2,2,4,4,2,2,2
Reed DeLabel,1,2,2,4,4,6,7,4,1,2,2,4,4,5,5,4,1,2,2,4,4,5,5,4
Al Baster,2,2,2,5,5,6,5,9,2,2,2,5,5,7,6,9,1,2,2,4,4,7,7,9
Brie DeVivre,2,4,5,5,6,8,7,6,2,4,5,4,5,7,7,6,1,3,4,4,5,7,6,5
Anne E. Dote,1,4,4,4,4,3,2,1,1,4,4,4,4,3,2,1,1,4,4,4,4,2,2,2
Penny Pincher,2,3,3,5,5,5,4,3,2,3,3,5,5,5,4,3,2,2,2,4,4,5,4,3
Justin Tyme,1,2,2,4,4,5,4,3,1,2,2,4,4,3,3,2,1,2,2,3,3,4,3,3
