tier,name,role
CORE,Adrian Vellum,Executive Director of the Meridian Museum
CORE,Celeste Frame,Chief Curator of World Cultures
CORE,Grant Easel,International Art Dealer & Collector Liaison
CORE,Margot Ledger,Chief Financial Officer of the Meridian Museum
CORE,Rafael Gilt,Chief Conservator
CORE,Imogen Muse,Performance Artist & Cultural Celebrity
CORE,Julian Brush,Celebrated Contemporary Painter
CORE,Helena Cross,Cultural Property Attorney
CORE,Dr. Marcus Pryce,Professor of Art History & Provenance Scholar
CORE,Sienna Voss,Philanthropist & Heir to the Voss Family Fortune
CORE,Everett Locke,Director of Museum Security & Former Art-Crimes Investigator
CORE,Nadia Quill,Investigative Arts Journalist
CORE,Lucian Gable,Exhibition Architect & Designer
CORE,Vivienne Marrow,International Cultural Heritage Envoy
CORE,Theo Glass,"Tech Founder, Collector & Museum Patron"
SECONDARY,Beatrice Plinth,Founding Curator Emerita
SECONDARY,Conrad Gavel,Chairman of Gavel & Rowe Auction House
SECONDARY,Lola Loom,Textile Artist & Designer
SECONDARY,Sebastian Reed,Doctoral Fellow in Art History
SECONDARY,Malcolm Carrara,Sculptor & Public-Art Star
SECONDARY,Daphne Palette,"Collector, Style Patron & Society Fixture"
SECONDARY,Morgan Slate,Art Critic & Cultural Podcaster
SECONDARY,Felix Savoy,Head Caterer & Hospitality Director
SECONDARY,Calvin Case,Senior Art Handler & Installation Specialist
SECONDARY,Maya Bell,Director of Education & Docent Programs
TERTIARY,Avery Lens,Gala Photographer & Editorial Portraitist
TERTIARY,Juno March,Cultural Restitution Activist & Nonprofit Organizer
TERTIARY,Penny Varnish,Eccentric Private Collector
TERTIARY,Leo Taggart,Tulsa Arts Columnist & Local Historian
TERTIARY,Riley Bloom,Gala Event Designer & Creative Producer
